{
  "error": {
    "code": 403,
    "message": "Cloud Text-to-Speech API has not been used in project 71026766002 before or it is disabled. Enable it by visiting https://console.developers.google.com/apis/api/texttospeech.googleapis.com/overview?project=71026766002 then retry. If you enabled this API recently, wait a few minutes for the action to propagate to our systems and retry.",
    "status": "PERMISSION_DENIED",
    "details": [
      {
        "@type": "type.googleapis.com/google.rpc.Help",
        "links": [
          {
            "description": "Google developers console API activation",
            "url": "https://console.developers.google.com/apis/api/texttospeech.googleapis.com/overview?project=71026766002"
          }
        ]
      }
    ]
  }
}
