{
  "responses": [
    {
      "textAnnotations": [
        {
          "locale": "en",
          "description": "Snipping Tool\nFile Edit Tools Help\nNew\nMode\nDelay\n密です\n",
          "boundingPoly": {
            "vertices": [
              {
                "x": 13,
                "y": 10
              },
              {
                "x": 240,
                "y": 10
              },
              {
                "x": 240,
                "y": 246
              },
              {
                "x": 13,
                "y": 246
              }
            ]
          }
        },
        {
          "description": "Snipping",
          "boundingPoly": {
            "vertices": [
              {
                "x": 38,
                "y": 11
              },
              {
                "x": 82,
                "y": 10
              },
              {
                "x": 82,
                "y": 22
              },
              {
                "x": 38,
                "y": 23
              }
            ]
          }
        },
        {
          "description": "Tool",
          "boundingPoly": {
            "vertices": [
              {
                "x": 87,
                "y": 11
              },
              {
                "x": 108,
                "y": 11
              },
              {
                "x": 108,
                "y": 19
              },
              {
                "x": 87,
                "y": 19
              }
            ]
          }
        },
        {
          "description": "File",
          "boundingPoly": {
            "vertices": [
              {
                "x": 16,
                "y": 36
              },
              {
                "x": 32,
                "y": 36
              },
              {
                "x": 32,
                "y": 44
              },
              {
                "x": 16,
                "y": 44
              }
            ]
          }
        },
        {
          "description": "Edit",
          "boundingPoly": {
            "vertices": [
              {
                "x": 48,
                "y": 35
              },
              {
                "x": 66,
                "y": 35
              },
              {
                "x": 66,
                "y": 44
              },
              {
                "x": 48,
                "y": 44
              }
            ]
          }
        },
        {
          "description": "Tools",
          "boundingPoly": {
            "vertices": [
              {
                "x": 81,
                "y": 36
              },
              {
                "x": 108,
                "y": 36
              },
              {
                "x": 108,
                "y": 45
              },
              {
                "x": 81,
                "y": 45
              }
            ]
          }
        },
        {
          "description": "Help",
          "boundingPoly": {
            "vertices": [
              {
                "x": 124,
                "y": 36
              },
              {
                "x": 147,
                "y": 36
              },
              {
                "x": 147,
                "y": 46
              },
              {
                "x": 124,
                "y": 46
              }
            ]
          }
        },
        {
          "description": "New",
          "boundingPoly": {
            "vertices": [
              {
                "x": 13,
                "y": 61
              },
              {
                "x": 62,
                "y": 60
              },
              {
                "x": 62,
                "y": 77
              },
              {
                "x": 13,
                "y": 78
              }
            ]
          }
        },
        {
          "description": "Mode",
          "boundingPoly": {
            "vertices": [
              {
                "x": 106,
                "y": 65
              },
              {
                "x": 136,
                "y": 65
              },
              {
                "x": 136,
                "y": 75
              },
              {
                "x": 106,
                "y": 75
              }
            ]
          }
        },
        {
          "description": "Delay",
          "boundingPoly": {
            "vertices": [
              {
                "x": 197,
                "y": 65
              },
              {
                "x": 225,
                "y": 65
              },
              {
                "x": 225,
                "y": 76
              },
              {
                "x": 197,
                "y": 76
              }
            ]
          }
        },
        {
          "description": "密",
          "boundingPoly": {
            "vertices": [
              {
                "x": 105,
                "y": 206
              },
              {
                "x": 151,
                "y": 206
              },
              {
                "x": 151,
                "y": 244
              },
              {
                "x": 105,
                "y": 244
              }
            ]
          }
        },
        {
          "description": "です",
          "boundingPoly": {
            "vertices": [
              {
                "x": 157,
                "y": 202
              },
              {
                "x": 240,
                "y": 203
              },
              {
                "x": 240,
                "y": 246
              },
              {
                "x": 157,
                "y": 245
              }
            ]
          }
        }
      ],
      "fullTextAnnotation": {
        "pages": [
          {
            "property": {
              "detectedLanguages": [
                {
                  "languageCode": "en",
                  "confidence": 0.77
                }
              ]
            },
            "width": 564,
            "height": 367,
            "blocks": [
              {
                "property": {
                  "detectedLanguages": [
                    {
                      "languageCode": "en",
                      "confidence": 1
                    }
                  ]
                },
                "boundingBox": {
                  "vertices": [
                    {
                      "x": 38,
                      "y": 11
                    },
                    {
                      "x": 108,
                      "y": 10
                    },
                    {
                      "x": 108,
                      "y": 22
                    },
                    {
                      "x": 38,
                      "y": 23
                    }
                  ]
                },
                "paragraphs": [
                  {
                    "property": {
                      "detectedLanguages": [
                        {
                          "languageCode": "en",
                          "confidence": 1
                        }
                      ]
                    },
                    "boundingBox": {
                      "vertices": [
                        {
                          "x": 38,
                          "y": 11
                        },
                        {
                          "x": 108,
                          "y": 10
                        },
                        {
                          "x": 108,
                          "y": 22
                        },
                        {
                          "x": 38,
                          "y": 23
                        }
                      ]
                    },
                    "words": [
                      {
                        "property": {
                          "detectedLanguages": [
                            {
                              "languageCode": "en"
                            }
                          ]
                        },
                        "boundingBox": {
                          "vertices": [
                            {
                              "x": 38,
                              "y": 11
                            },
                            {
                              "x": 82,
                              "y": 10
                            },
                            {
                              "x": 82,
                              "y": 22
                            },
                            {
                              "x": 38,
                              "y": 23
                            }
                          ]
                        },
                        "symbols": [
                          {
                            "property": {
                              "detectedLanguages": [
                                {
                                  "languageCode": "en"
                                }
                              ]
                            },
                            "boundingBox": {
                              "vertices": [
                                {
                                  "x": 38,
                                  "y": 11
                                },
                                {
                                  "x": 42,
                                  "y": 11
                                },
                                {
                                  "x": 42,
                                  "y": 19
                                },
                                {
                                  "x": 38,
                                  "y": 19
                                }
                              ]
                            },
                            "text": "S"
                          },
                          {
                            "property": {
                              "detectedLanguages": [
                                {
                                  "languageCode": "en"
                                }
                              ]
                            },
                            "boundingBox": {
                              "vertices": [
                                {
                                  "x": 44,
                                  "y": 14
                                },
                                {
                                  "x": 48,
                                  "y": 14
                                },
                                {
                                  "x": 48,
                                  "y": 19
                                },
                                {
                                  "x": 44,
                                  "y": 19
                                }
                              ]
                            },
                            "text": "n"
                          },
                          {
                            "property": {
                              "detectedLanguages": [
                                {
                                  "languageCode": "en"
                                }
                              ]
                            },
                            "boundingBox": {
                              "vertices": [
                                {
                                  "x": 51,
                                  "y": 11
                                },
                                {
                                  "x": 51,
                                  "y": 11
                                },
                                {
                                  "x": 51,
                                  "y": 19
                                },
                                {
                                  "x": 51,
                                  "y": 19
                                }
                              ]
                            },
                            "text": "i"
                          },
                          {
                            "property": {
                              "detectedLanguages": [
                                {
                                  "languageCode": "en"
                                }
                              ]
                            },
                            "boundingBox": {
                              "vertices": [
                                {
                                  "x": 54,
                                  "y": 14
                                },
                                {
                                  "x": 58,
                                  "y": 14
                                },
                                {
                                  "x": 58,
                                  "y": 22
                                },
                                {
                                  "x": 54,
                                  "y": 22
                                }
                              ]
                            },
                            "text": "p"
                          },
                          {
                            "property": {
                              "detectedLanguages": [
                                {
                                  "languageCode": "en"
                                }
                              ]
                            },
                            "boundingBox": {
                              "vertices": [
                                {
                                  "x": 61,
                                  "y": 14
                                },
                                {
                                  "x": 65,
                                  "y": 14
                                },
                                {
                                  "x": 65,
                                  "y": 22
                                },
                                {
                                  "x": 61,
                                  "y": 22
                                }
                              ]
                            },
                            "text": "p"
                          },
                          {
                            "property": {
                              "detectedLanguages": [
                                {
                                  "languageCode": "en"
                                }
                              ]
                            },
                            "boundingBox": {
                              "vertices": [
                                {
                                  "x": 68,
                                  "y": 14
                                },
                                {
                                  "x": 68,
                                  "y": 14
                                },
                                {
                                  "x": 68,
                                  "y": 18
                                },
                                {
                                  "x": 68,
                                  "y": 18
                                }
                              ]
                            },
                            "text": "i"
                          },
                          {
                            "property": {
                              "detectedLanguages": [
                                {
                                  "languageCode": "en"
                                }
                              ]
                            },
                            "boundingBox": {
                              "vertices": [
                                {
                                  "x": 71,
                                  "y": 14
                                },
                                {
                                  "x": 75,
                                  "y": 14
                                },
                                {
                                  "x": 75,
                                  "y": 18
                                },
                                {
                                  "x": 71,
                                  "y": 18
                                }
                              ]
                            },
                            "text": "n"
                          },
                          {
                            "property": {
                              "detectedLanguages": [
                                {
                                  "languageCode": "en"
                                }
                              ],
                              "detectedBreak": {
                                "type": "SPACE"
                              }
                            },
                            "boundingBox": {
                              "vertices": [
                                {
                                  "x": 78,
                                  "y": 14
                                },
                                {
                                  "x": 82,
                                  "y": 14
                                },
                                {
                                  "x": 82,
                                  "y": 22
                                },
                                {
                                  "x": 78,
                                  "y": 22
                                }
                              ]
                            },
                            "text": "g"
                          }
                        ]
                      },
                      {
                        "property": {
                          "detectedLanguages": [
                            {
                              "languageCode": "en"
                            }
                          ]
                        },
                        "boundingBox": {
                          "vertices": [
                            {
                              "x": 87,
                              "y": 11
                            },
                            {
                              "x": 108,
                              "y": 11
                            },
                            {
                              "x": 108,
                              "y": 19
                            },
                            {
                              "x": 87,
                              "y": 19
                            }
                          ]
                        },
                        "symbols": [
                          {
                            "property": {
                              "detectedLanguages": [
                                {
                                  "languageCode": "en"
                                }
                              ]
                            },
                            "boundingBox": {
                              "vertices": [
                                {
                                  "x": 87,
                                  "y": 11
                                },
                                {
                                  "x": 92,
                                  "y": 11
                                },
                                {
                                  "x": 92,
                                  "y": 19
                                },
                                {
                                  "x": 87,
                                  "y": 19
                                }
                              ]
                            },
                            "text": "T"
                          },
                          {
                            "property": {
                              "detectedLanguages": [
                                {
                                  "languageCode": "en"
                                }
                              ]
                            },
                            "boundingBox": {
                              "vertices": [
                                {
                                  "x": 94,
                                  "y": 14
                                },
                                {
                                  "x": 98,
                                  "y": 14
                                },
                                {
                                  "x": 98,
                                  "y": 19
                                },
                                {
                                  "x": 94,
                                  "y": 19
                                }
                              ]
                            },
                            "text": "o"
                          },
                          {
                            "property": {
                              "detectedLanguages": [
                                {
                                  "languageCode": "en"
                                }
                              ]
                            },
                            "boundingBox": {
                              "vertices": [
                                {
                                  "x": 101,
                                  "y": 14
                                },
                                {
                                  "x": 105,
                                  "y": 14
                                },
                                {
                                  "x": 105,
                                  "y": 19
                                },
                                {
                                  "x": 101,
                                  "y": 19
                                }
                              ]
                            },
                            "text": "o"
                          },
                          {
                            "property": {
                              "detectedLanguages": [
                                {
                                  "languageCode": "en"
                                }
                              ],
                              "detectedBreak": {
                                "type": "LINE_BREAK"
                              }
                            },
                            "boundingBox": {
                              "vertices": [
                                {
                                  "x": 108,
                                  "y": 11
                                },
                                {
                                  "x": 108,
                                  "y": 11
                                },
                                {
                                  "x": 108,
                                  "y": 19
                                },
                                {
                                  "x": 108,
                                  "y": 19
                                }
                              ]
                            },
                            "text": "l"
                          }
                        ]
                      }
                    ]
                  }
                ],
                "blockType": "TEXT"
              },
              {
                "property": {
                  "detectedLanguages": [
                    {
                      "languageCode": "en",
                      "confidence": 1
                    }
                  ]
                },
                "boundingBox": {
                  "vertices": [
                    {
                      "x": 16,
                      "y": 35
                    },
                    {
                      "x": 147,
                      "y": 36
                    },
                    {
                      "x": 147,
                      "y": 46
                    },
                    {
                      "x": 16,
                      "y": 45
                    }
                  ]
                },
                "paragraphs": [
                  {
                    "property": {
                      "detectedLanguages": [
                        {
                          "languageCode": "en",
                          "confidence": 1
                        }
                      ]
                    },
                    "boundingBox": {
                      "vertices": [
                        {
                          "x": 16,
                          "y": 35
                        },
                        {
                          "x": 147,
                          "y": 36
                        },
                        {
                          "x": 147,
                          "y": 46
                        },
                        {
                          "x": 16,
                          "y": 45
                        }
                      ]
                    },
                    "words": [
                      {
                        "property": {
                          "detectedLanguages": [
                            {
                              "languageCode": "en"
                            }
                          ]
                        },
                        "boundingBox": {
                          "vertices": [
                            {
                              "x": 16,
                              "y": 36
                            },
                            {
                              "x": 32,
                              "y": 36
                            },
                            {
                              "x": 32,
                              "y": 44
                            },
                            {
                              "x": 16,
                              "y": 44
                            }
                          ]
                        },
                        "symbols": [
                          {
                            "property": {
                              "detectedLanguages": [
                                {
                                  "languageCode": "en"
                                }
                              ]
                            },
                            "boundingBox": {
                              "vertices": [
                                {
                                  "x": 16,
                                  "y": 36
                                },
                                {
                                  "x": 20,
                                  "y": 36
                                },
                                {
                                  "x": 20,
                                  "y": 44
                                },
                                {
                                  "x": 16,
                                  "y": 44
                                }
                              ]
                            },
                            "text": "F"
                          },
                          {
                            "property": {
                              "detectedLanguages": [
                                {
                                  "languageCode": "en"
                                }
                              ]
                            },
                            "boundingBox": {
                              "vertices": [
                                {
                                  "x": 22,
                                  "y": 36
                                },
                                {
                                  "x": 22,
                                  "y": 36
                                },
                                {
                                  "x": 22,
                                  "y": 44
                                },
                                {
                                  "x": 22,
                                  "y": 44
                                }
                              ]
                            },
                            "text": "i"
                          },
                          {
                            "property": {
                              "detectedLanguages": [
                                {
                                  "languageCode": "en"
                                }
                              ]
                            },
                            "boundingBox": {
                              "vertices": [
                                {
                                  "x": 25,
                                  "y": 36
                                },
                                {
                                  "x": 25,
                                  "y": 36
                                },
                                {
                                  "x": 25,
                                  "y": 44
                                },
                                {
                                  "x": 25,
                                  "y": 44
                                }
                              ]
                            },
                            "text": "l"
                          },
                          {
                            "property": {
                              "detectedLanguages": [
                                {
                                  "languageCode": "en"
                                }
                              ],
                              "detectedBreak": {
                                "type": "SPACE"
                              }
                            },
                            "boundingBox": {
                              "vertices": [
                                {
                                  "x": 28,
                                  "y": 39
                                },
                                {
                                  "x": 32,
                                  "y": 39
                                },
                                {
                                  "x": 32,
                                  "y": 44
                                },
                                {
                                  "x": 28,
                                  "y": 44
                                }
                              ]
                            },
                            "text": "e"
                          }
                        ]
                      },
                      {
                        "property": {
                          "detectedLanguages": [
                            {
                              "languageCode": "en"
                            }
                          ]
                        },
                        "boundingBox": {
                          "vertices": [
                            {
                              "x": 48,
                              "y": 35
                            },
                            {
                              "x": 66,
                              "y": 35
                            },
                            {
                              "x": 66,
                              "y": 44
                            },
                            {
                              "x": 48,
                              "y": 44
                            }
                          ]
                        },
                        "symbols": [
                          {
                            "property": {
                              "detectedLanguages": [
                                {
                                  "languageCode": "en"
                                }
                              ]
                            },
                            "boundingBox": {
                              "vertices": [
                                {
                                  "x": 48,
                                  "y": 35
                                },
                                {
                                  "x": 52,
                                  "y": 35
                                },
                                {
                                  "x": 52,
                                  "y": 44
                                },
                                {
                                  "x": 48,
                                  "y": 44
                                }
                              ]
                            },
                            "text": "E"
                          },
                          {
                            "property": {
                              "detectedLanguages": [
                                {
                                  "languageCode": "en"
                                }
                              ]
                            },
                            "boundingBox": {
                              "vertices": [
                                {
                                  "x": 54,
                                  "y": 35
                                },
                                {
                                  "x": 58,
                                  "y": 35
                                },
                                {
                                  "x": 58,
                                  "y": 44
                                },
                                {
                                  "x": 54,
                                  "y": 44
                                }
                              ]
                            },
                            "text": "d"
                          },
                          {
                            "property": {
                              "detectedLanguages": [
                                {
                                  "languageCode": "en"
                                }
                              ]
                            },
                            "boundingBox": {
                              "vertices": [
                                {
                                  "x": 61,
                                  "y": 35
                                },
                                {
                                  "x": 61,
                                  "y": 35
                                },
                                {
                                  "x": 61,
                                  "y": 44
                                },
                                {
                                  "x": 61,
                                  "y": 44
                                }
                              ]
                            },
                            "text": "i"
                          },
                          {
                            "property": {
                              "detectedLanguages": [
                                {
                                  "languageCode": "en"
                                }
                              ],
                              "detectedBreak": {
                                "type": "SPACE"
                              }
                            },
                            "boundingBox": {
                              "vertices": [
                                {
                                  "x": 63,
                                  "y": 36
                                },
                                {
                                  "x": 66,
                                  "y": 36
                                },
                                {
                                  "x": 66,
                                  "y": 44
                                },
                                {
                                  "x": 63,
                                  "y": 44
                                }
                              ]
                            },
                            "text": "t"
                          }
                        ]
                      },
                      {
                        "property": {
                          "detectedLanguages": [
                            {
                              "languageCode": "en"
                            }
                          ]
                        },
                        "boundingBox": {
                          "vertices": [
                            {
                              "x": 81,
                              "y": 36
                            },
                            {
                              "x": 108,
                              "y": 36
                            },
                            {
                              "x": 108,
                              "y": 45
                            },
                            {
                              "x": 81,
                              "y": 45
                            }
                          ]
                        },
                        "symbols": [
                          {
                            "property": {
                              "detectedLanguages": [
                                {
                                  "languageCode": "en"
                                }
                              ]
                            },
                            "boundingBox": {
                              "vertices": [
                                {
                                  "x": 81,
                                  "y": 36
                                },
                                {
                                  "x": 87,
                                  "y": 36
                                },
                                {
                                  "x": 87,
                                  "y": 45
                                },
                                {
                                  "x": 81,
                                  "y": 45
                                }
                              ]
                            },
                            "text": "T"
                          },
                          {
                            "property": {
                              "detectedLanguages": [
                                {
                                  "languageCode": "en"
                                }
                              ]
                            },
                            "boundingBox": {
                              "vertices": [
                                {
                                  "x": 88,
                                  "y": 36
                                },
                                {
                                  "x": 96,
                                  "y": 36
                                },
                                {
                                  "x": 96,
                                  "y": 45
                                },
                                {
                                  "x": 88,
                                  "y": 45
                                }
                              ]
                            },
                            "text": "o"
                          },
                          {
                            "property": {
                              "detectedLanguages": [
                                {
                                  "languageCode": "en"
                                }
                              ]
                            },
                            "boundingBox": {
                              "vertices": [
                                {
                                  "x": 97,
                                  "y": 36
                                },
                                {
                                  "x": 100,
                                  "y": 36
                                },
                                {
                                  "x": 100,
                                  "y": 45
                                },
                                {
                                  "x": 97,
                                  "y": 45
                                }
                              ]
                            },
                            "text": "o"
                          },
                          {
                            "property": {
                              "detectedLanguages": [
                                {
                                  "languageCode": "en"
                                }
                              ]
                            },
                            "boundingBox": {
                              "vertices": [
                                {
                                  "x": 101,
                                  "y": 36
                                },
                                {
                                  "x": 105,
                                  "y": 36
                                },
                                {
                                  "x": 105,
                                  "y": 45
                                },
                                {
                                  "x": 101,
                                  "y": 45
                                }
                              ]
                            },
                            "text": "l"
                          },
                          {
                            "property": {
                              "detectedLanguages": [
                                {
                                  "languageCode": "en"
                                }
                              ],
                              "detectedBreak": {
                                "type": "SPACE"
                              }
                            },
                            "boundingBox": {
                              "vertices": [
                                {
                                  "x": 106,
                                  "y": 36
                                },
                                {
                                  "x": 108,
                                  "y": 36
                                },
                                {
                                  "x": 108,
                                  "y": 45
                                },
                                {
                                  "x": 106,
                                  "y": 45
                                }
                              ]
                            },
                            "text": "s"
                          }
                        ]
                      },
                      {
                        "property": {
                          "detectedLanguages": [
                            {
                              "languageCode": "en"
                            }
                          ]
                        },
                        "boundingBox": {
                          "vertices": [
                            {
                              "x": 124,
                              "y": 36
                            },
                            {
                              "x": 147,
                              "y": 36
                            },
                            {
                              "x": 147,
                              "y": 46
                            },
                            {
                              "x": 124,
                              "y": 46
                            }
                          ]
                        },
                        "symbols": [
                          {
                            "property": {
                              "detectedLanguages": [
                                {
                                  "languageCode": "en"
                                }
                              ]
                            },
                            "boundingBox": {
                              "vertices": [
                                {
                                  "x": 124,
                                  "y": 36
                                },
                                {
                                  "x": 130,
                                  "y": 36
                                },
                                {
                                  "x": 130,
                                  "y": 44
                                },
                                {
                                  "x": 124,
                                  "y": 44
                                }
                              ]
                            },
                            "text": "H"
                          },
                          {
                            "property": {
                              "detectedLanguages": [
                                {
                                  "languageCode": "en"
                                }
                              ]
                            },
                            "boundingBox": {
                              "vertices": [
                                {
                                  "x": 133,
                                  "y": 39
                                },
                                {
                                  "x": 137,
                                  "y": 39
                                },
                                {
                                  "x": 137,
                                  "y": 44
                                },
                                {
                                  "x": 133,
                                  "y": 44
                                }
                              ]
                            },
                            "text": "e"
                          },
                          {
                            "property": {
                              "detectedLanguages": [
                                {
                                  "languageCode": "en"
                                }
                              ]
                            },
                            "boundingBox": {
                              "vertices": [
                                {
                                  "x": 139,
                                  "y": 36
                                },
                                {
                                  "x": 139,
                                  "y": 36
                                },
                                {
                                  "x": 139,
                                  "y": 44
                                },
                                {
                                  "x": 139,
                                  "y": 44
                                }
                              ]
                            },
                            "text": "l"
                          },
                          {
                            "property": {
                              "detectedLanguages": [
                                {
                                  "languageCode": "en"
                                }
                              ],
                              "detectedBreak": {
                                "type": "LINE_BREAK"
                              }
                            },
                            "boundingBox": {
                              "vertices": [
                                {
                                  "x": 142,
                                  "y": 39
                                },
                                {
                                  "x": 147,
                                  "y": 39
                                },
                                {
                                  "x": 147,
                                  "y": 46
                                },
                                {
                                  "x": 142,
                                  "y": 46
                                }
                              ]
                            },
                            "text": "p"
                          }
                        ]
                      }
                    ]
                  }
                ],
                "blockType": "TEXT"
              },
              {
                "boundingBox": {
                  "vertices": [
                    {
                      "x": 13,
                      "y": 61
                    },
                    {
                      "x": 62,
                      "y": 60
                    },
                    {
                      "x": 62,
                      "y": 77
                    },
                    {
                      "x": 13,
                      "y": 78
                    }
                  ]
                },
                "paragraphs": [
                  {
                    "boundingBox": {
                      "vertices": [
                        {
                          "x": 13,
                          "y": 61
                        },
                        {
                          "x": 62,
                          "y": 60
                        },
                        {
                          "x": 62,
                          "y": 77
                        },
                        {
                          "x": 13,
                          "y": 78
                        }
                      ]
                    },
                    "words": [
                      {
                        "boundingBox": {
                          "vertices": [
                            {
                              "x": 13,
                              "y": 61
                            },
                            {
                              "x": 62,
                              "y": 60
                            },
                            {
                              "x": 62,
                              "y": 77
                            },
                            {
                              "x": 13,
                              "y": 78
                            }
                          ]
                        },
                        "symbols": [
                          {
                            "boundingBox": {
                              "vertices": [
                                {
                                  "x": 13,
                                  "y": 61
                                },
                                {
                                  "x": 49,
                                  "y": 60
                                },
                                {
                                  "x": 49,
                                  "y": 77
                                },
                                {
                                  "x": 13,
                                  "y": 78
                                }
                              ]
                            },
                            "text": "N"
                          },
                          {
                            "boundingBox": {
                              "vertices": [
                                {
                                  "x": 50,
                                  "y": 60
                                },
                                {
                                  "x": 55,
                                  "y": 60
                                },
                                {
                                  "x": 55,
                                  "y": 77
                                },
                                {
                                  "x": 50,
                                  "y": 77
                                }
                              ]
                            },
                            "text": "e"
                          },
                          {
                            "property": {
                              "detectedBreak": {
                                "type": "LINE_BREAK"
                              }
                            },
                            "boundingBox": {
                              "vertices": [
                                {
                                  "x": 56,
                                  "y": 60
                                },
                                {
                                  "x": 62,
                                  "y": 60
                                },
                                {
                                  "x": 62,
                                  "y": 77
                                },
                                {
                                  "x": 56,
                                  "y": 77
                                }
                              ]
                            },
                            "text": "w"
                          }
                        ]
                      }
                    ]
                  }
                ],
                "blockType": "TEXT"
              },
              {
                "boundingBox": {
                  "vertices": [
                    {
                      "x": 106,
                      "y": 65
                    },
                    {
                      "x": 136,
                      "y": 65
                    },
                    {
                      "x": 136,
                      "y": 75
                    },
                    {
                      "x": 106,
                      "y": 75
                    }
                  ]
                },
                "paragraphs": [
                  {
                    "boundingBox": {
                      "vertices": [
                        {
                          "x": 106,
                          "y": 65
                        },
                        {
                          "x": 136,
                          "y": 65
                        },
                        {
                          "x": 136,
                          "y": 75
                        },
                        {
                          "x": 106,
                          "y": 75
                        }
                      ]
                    },
                    "words": [
                      {
                        "boundingBox": {
                          "vertices": [
                            {
                              "x": 106,
                              "y": 65
                            },
                            {
                              "x": 136,
                              "y": 65
                            },
                            {
                              "x": 136,
                              "y": 75
                            },
                            {
                              "x": 106,
                              "y": 75
                            }
                          ]
                        },
                        "symbols": [
                          {
                            "boundingBox": {
                              "vertices": [
                                {
                                  "x": 106,
                                  "y": 65
                                },
                                {
                                  "x": 116,
                                  "y": 65
                                },
                                {
                                  "x": 116,
                                  "y": 75
                                },
                                {
                                  "x": 106,
                                  "y": 75
                                }
                              ]
                            },
                            "text": "M"
                          },
                          {
                            "boundingBox": {
                              "vertices": [
                                {
                                  "x": 118,
                                  "y": 68
                                },
                                {
                                  "x": 122,
                                  "y": 68
                                },
                                {
                                  "x": 122,
                                  "y": 73
                                },
                                {
                                  "x": 118,
                                  "y": 73
                                }
                              ]
                            },
                            "text": "o"
                          },
                          {
                            "boundingBox": {
                              "vertices": [
                                {
                                  "x": 125,
                                  "y": 65
                                },
                                {
                                  "x": 129,
                                  "y": 65
                                },
                                {
                                  "x": 129,
                                  "y": 73
                                },
                                {
                                  "x": 125,
                                  "y": 73
                                }
                              ]
                            },
                            "text": "d"
                          },
                          {
                            "property": {
                              "detectedBreak": {
                                "type": "LINE_BREAK"
                              }
                            },
                            "boundingBox": {
                              "vertices": [
                                {
                                  "x": 132,
                                  "y": 68
                                },
                                {
                                  "x": 136,
                                  "y": 68
                                },
                                {
                                  "x": 136,
                                  "y": 73
                                },
                                {
                                  "x": 132,
                                  "y": 73
                                }
                              ]
                            },
                            "text": "e"
                          }
                        ]
                      }
                    ]
                  }
                ],
                "blockType": "TEXT"
              },
              {
                "property": {
                  "detectedLanguages": [
                    {
                      "languageCode": "en",
                      "confidence": 1
                    }
                  ]
                },
                "boundingBox": {
                  "vertices": [
                    {
                      "x": 197,
                      "y": 65
                    },
                    {
                      "x": 225,
                      "y": 65
                    },
                    {
                      "x": 225,
                      "y": 76
                    },
                    {
                      "x": 197,
                      "y": 76
                    }
                  ]
                },
                "paragraphs": [
                  {
                    "property": {
                      "detectedLanguages": [
                        {
                          "languageCode": "en",
                          "confidence": 1
                        }
                      ]
                    },
                    "boundingBox": {
                      "vertices": [
                        {
                          "x": 197,
                          "y": 65
                        },
                        {
                          "x": 225,
                          "y": 65
                        },
                        {
                          "x": 225,
                          "y": 76
                        },
                        {
                          "x": 197,
                          "y": 76
                        }
                      ]
                    },
                    "words": [
                      {
                        "property": {
                          "detectedLanguages": [
                            {
                              "languageCode": "en"
                            }
                          ]
                        },
                        "boundingBox": {
                          "vertices": [
                            {
                              "x": 197,
                              "y": 65
                            },
                            {
                              "x": 225,
                              "y": 65
                            },
                            {
                              "x": 225,
                              "y": 76
                            },
                            {
                              "x": 197,
                              "y": 76
                            }
                          ]
                        },
                        "symbols": [
                          {
                            "property": {
                              "detectedLanguages": [
                                {
                                  "languageCode": "en"
                                }
                              ]
                            },
                            "boundingBox": {
                              "vertices": [
                                {
                                  "x": 197,
                                  "y": 65
                                },
                                {
                                  "x": 204,
                                  "y": 65
                                },
                                {
                                  "x": 204,
                                  "y": 75
                                },
                                {
                                  "x": 197,
                                  "y": 75
                                }
                              ]
                            },
                            "text": "D"
                          },
                          {
                            "property": {
                              "detectedLanguages": [
                                {
                                  "languageCode": "en"
                                }
                              ]
                            },
                            "boundingBox": {
                              "vertices": [
                                {
                                  "x": 206,
                                  "y": 68
                                },
                                {
                                  "x": 210,
                                  "y": 68
                                },
                                {
                                  "x": 210,
                                  "y": 73
                                },
                                {
                                  "x": 206,
                                  "y": 73
                                }
                              ]
                            },
                            "text": "e"
                          },
                          {
                            "property": {
                              "detectedLanguages": [
                                {
                                  "languageCode": "en"
                                }
                              ]
                            },
                            "boundingBox": {
                              "vertices": [
                                {
                                  "x": 212,
                                  "y": 65
                                },
                                {
                                  "x": 212,
                                  "y": 65
                                },
                                {
                                  "x": 212,
                                  "y": 73
                                },
                                {
                                  "x": 212,
                                  "y": 73
                                }
                              ]
                            },
                            "text": "l"
                          },
                          {
                            "property": {
                              "detectedLanguages": [
                                {
                                  "languageCode": "en"
                                }
                              ]
                            },
                            "boundingBox": {
                              "vertices": [
                                {
                                  "x": 215,
                                  "y": 68
                                },
                                {
                                  "x": 218,
                                  "y": 68
                                },
                                {
                                  "x": 218,
                                  "y": 73
                                },
                                {
                                  "x": 215,
                                  "y": 73
                                }
                              ]
                            },
                            "text": "a"
                          },
                          {
                            "property": {
                              "detectedLanguages": [
                                {
                                  "languageCode": "en"
                                }
                              ],
                              "detectedBreak": {
                                "type": "LINE_BREAK"
                              }
                            },
                            "boundingBox": {
                              "vertices": [
                                {
                                  "x": 220,
                                  "y": 68
                                },
                                {
                                  "x": 225,
                                  "y": 68
                                },
                                {
                                  "x": 225,
                                  "y": 76
                                },
                                {
                                  "x": 220,
                                  "y": 76
                                }
                              ]
                            },
                            "text": "y"
                          }
                        ]
                      }
                    ]
                  }
                ],
                "blockType": "TEXT"
              },
              {
                "boundingBox": {
                  "vertices": [
                    {
                      "x": 105,
                      "y": 202
                    },
                    {
                      "x": 240,
                      "y": 203
                    },
                    {
                      "x": 240,
                      "y": 246
                    },
                    {
                      "x": 105,
                      "y": 245
                    }
                  ]
                },
                "paragraphs": [
                  {
                    "boundingBox": {
                      "vertices": [
                        {
                          "x": 105,
                          "y": 202
                        },
                        {
                          "x": 240,
                          "y": 203
                        },
                        {
                          "x": 240,
                          "y": 246
                        },
                        {
                          "x": 105,
                          "y": 245
                        }
                      ]
                    },
                    "words": [
                      {
                        "boundingBox": {
                          "vertices": [
                            {
                              "x": 105,
                              "y": 206
                            },
                            {
                              "x": 151,
                              "y": 206
                            },
                            {
                              "x": 151,
                              "y": 244
                            },
                            {
                              "x": 105,
                              "y": 244
                            }
                          ]
                        },
                        "symbols": [
                          {
                            "boundingBox": {
                              "vertices": [
                                {
                                  "x": 105,
                                  "y": 206
                                },
                                {
                                  "x": 151,
                                  "y": 206
                                },
                                {
                                  "x": 151,
                                  "y": 244
                                },
                                {
                                  "x": 105,
                                  "y": 244
                                }
                              ]
                            },
                            "text": "密"
                          }
                        ]
                      },
                      {
                        "boundingBox": {
                          "vertices": [
                            {
                              "x": 157,
                              "y": 202
                            },
                            {
                              "x": 240,
                              "y": 203
                            },
                            {
                              "x": 240,
                              "y": 246
                            },
                            {
                              "x": 157,
                              "y": 245
                            }
                          ]
                        },
                        "symbols": [
                          {
                            "boundingBox": {
                              "vertices": [
                                {
                                  "x": 157,
                                  "y": 202
                                },
                                {
                                  "x": 200,
                                  "y": 202
                                },
                                {
                                  "x": 200,
                                  "y": 244
                                },
                                {
                                  "x": 157,
                                  "y": 244
                                }
                              ]
                            },
                            "text": "で"
                          },
                          {
                            "property": {
                              "detectedBreak": {
                                "type": "LINE_BREAK"
                              }
                            },
                            "boundingBox": {
                              "vertices": [
                                {
                                  "x": 201,
                                  "y": 203
                                },
                                {
                                  "x": 240,
                                  "y": 203
                                },
                                {
                                  "x": 240,
                                  "y": 245
                                },
                                {
                                  "x": 201,
                                  "y": 245
                                }
                              ]
                            },
                            "text": "す"
                          }
                        ]
                      }
                    ]
                  }
                ],
                "blockType": "TEXT"
              }
            ]
          }
        ],
        "text": "Snipping Tool\nFile Edit Tools Help\nNew\nMode\nDelay\n密です\n"
      }
    }
  ]
}
