{
  "error": {
    "code": 403,
    "message": "Cloud Translation API has not been used in project 71026766002 before or it is disabled. Enable it by visiting https://console.developers.google.com/apis/api/translate.googleapis.com/overview?project=71026766002 then retry. If you enabled this API recently, wait a few minutes for the action to propagate to our systems and retry.",
    "errors": [
      {
        "message": "Cloud Translation API has not been used in project 71026766002 before or it is disabled. Enable it by visiting https://console.developers.google.com/apis/api/translate.googleapis.com/overview?project=71026766002 then retry. If you enabled this API recently, wait a few minutes for the action to propagate to our systems and retry.",
        "domain": "usageLimits",
        "reason": "accessNotConfigured",
        "extendedHelp": "https://console.developers.google.com"
      }
    ],
    "status": "PERMISSION_DENIED"
  }
}
